{"z0": 50.0, "z1": -54.702117919921875, "uv": [[0.039891742169857025, 0.3699268400669098], [0.039891742169857025, 0.6388118267059326], [0.4013671875, 0.2507379651069641], [0.4013671875, 0.7616005539894104], [0.4637376368045807, 0.22251734137535095], [0.4637376368045807, 0.7895137071609497], [0.4873046875, 0.37615466117858887], [0.4873046875, 0.632192075252533], [0.5396031141281128, 0.3793543875217438], [0.5396031141281128, 0.6287842392921448], [0.58984375, 0.2745237946510315], [0.58984375, 0.7377275228500366], [0.5881182551383972, 0.2734501361846924], [0.5881182551383972, 0.7388120293617249], [0.95703125, 0.3703320026397705], [0.95703125, 0.6383816599845886]]}