{"z0": 50.0, "z1": -50.55362319946289, "uv": [[0.12013133615255356, 0.3556442856788635], [0.12013133615255356, 0.6437810659408569], [0.4408125877380371, 0.41995665431022644], [0.4408125877380371, 0.5789295434951782], [0.47265625, 0.41565805673599243], [0.47265625, 0.5832695960998535], [0.4609906077384949, 0.38271671533584595], [0.4609906077384949, 0.6165046691894531], [0.58203125, 0.3940558433532715], [0.58203125, 0.6050695776939392], [0.798176646232605, 0.3136371970176697], [0.798176646232605, 0.6860232353210449], [0.8443059325218201, 0.21663440763950348], [0.8443059325218201, 0.7831268906593323], [0.9323376417160034, 0.325274795293808], [0.9323376417160034, 0.6743312478065491]]}