{"z0": 50.0, "z1": -32.29869079589844, "uv": [[0.13787418603897095, 0.36454907059669495], [0.13787418603897095, 0.5889818668365479], [0.3714289665222168, 0.3713512718677521], [0.3714289665222168, 0.5841352343559265], [0.6208978891372681, 0.3664819896221161], [0.6208978891372681, 0.5875996351242065], [0.867792546749115, 0.35881996154785156], [0.867792546749115, 0.5931026935577393]]}