{"z0": 50.0, "z1": -58.310150146484375, "uv": [[0.0281947311013937, 0.2989717721939087], [0.0281947311013937, 0.7228240966796875], [0.013671875, 0.38895246386528015], [0.013671875, 0.6256336569786072], [0.053088538348674774, 0.3943009078502655], [0.053088538348674774, 0.6196330785751343], [0.4479735791683197, 0.3978848457336426], [0.4479735791683197, 0.6156001091003418], [0.5960997939109802, 0.4106593430042267], [0.5960997939109802, 0.6011504530906677], [0.8068698048591614, 0.3598061501979828], [0.8068698048591614, 0.6579263210296631], [0.8772297501564026, 0.25661176443099976], [0.8772297501564026, 0.7658712267875671], [0.9208984375, 0.31545624136924744], [0.9208984375, 0.7055928111076355]]}