{"z0": 50.0, "z1": -56.51719665527344, "uv": [[0.11931148171424866, 0.40867263078689575], [0.11931148171424866, 0.6004111766815186], [0.2375973016023636, 0.3709609806537628], [0.2375973016023636, 0.6417310237884521], [0.2188204526901245, 0.23526747524738312], [0.2188204526901245, 0.7820568084716797], [0.4619140625, 0.4180503189563751], [0.4619140625, 0.5900154113769531], [0.5086480379104614, 0.4159705936908722], [0.5086480379104614, 0.5923245549201965], [0.5107421875, 0.39810478687286377], [0.5107421875, 0.6120726466178894], [0.57421875, 0.4081939458847046], [0.57421875, 0.6009407043457031], [0.8248012065887451, 0.3323703408241272], [0.8248012065887451, 0.6830571293830872], [0.8701171875, 0.27095675468444824], [0.8701171875, 0.746520459651947], [0.9482967257499695, 0.3836539089679718], [0.9482967257499695, 0.627918004989624]]}