{"z0": 50.0, "z1": -49.653900146484375, "uv": [[0.16843131184577942, 0.3269207179546356], [0.16843131184577942, 0.6701520681381226], [0.2060546875, 0.312843382358551], [0.2060546875, 0.6841870546340942], [0.21131989359855652, 0.3308635950088501], [0.21131989359855652, 0.6662223935127258], [0.3544921875, 0.3579212427139282], [0.3544921875, 0.6392708420753479], [0.40428122878074646, 0.3177638053894043], [0.40428122878074646, 0.6792805790901184], [0.130859375, 0.2775588929653168], [0.130859375, 0.7194008827209473]]}