{"z0": 50.0, "z1": -50.27382278442383, "uv": [[0.130859375, 0.3643130958080292], [0.130859375, 0.6343859434127808], [0.21852624416351318, 0.3266620635986328], [0.21852624416351318, 0.672153651714325], [0.2138671875, 0.3066670000553131], [0.2138671875, 0.6921935081481934], [0.441755086183548, 0.4206293821334839], [0.441755086183548, 0.5778295397758484], [0.5791015625, 0.42526111006736755], [0.5791015625, 0.573175311088562], [0.6545329093933105, 0.3759711980819702], [0.6545329093933105, 0.6226839423179626], [0.62890625, 0.3519868552684784], [0.62890625, 0.6467547416687012], [0.8770370483398438, 0.35737451910972595], [0.8770370483398438, 0.6413489580154419]]}