{"z0": 50.0, "z1": -58.30961608886719, "uv": [[0.0146484375, 0.32277712225914], [0.0146484375, 0.6978530287742615], [0.008045927621424198, 0.39216718077659607], [0.008045927621424198, 0.6220285892486572], [0.0537109375, 0.39775192737579346], [0.0537109375, 0.6157488226890564], [0.44679129123687744, 0.4002422094345093], [0.44679129123687744, 0.6129412651062012], [0.5984082818031311, 0.41338208317756653], [0.5984082818031311, 0.5980554819107056], [0.8078749179840088, 0.3665088713169098], [0.8078749179840088, 0.6505627632141113], [0.8729567527770996, 0.27231013774871826], [0.8729567527770996, 0.7501223087310791], [0.9240082502365112, 0.33837124705314636], [0.9240082502365112, 0.6811959147453308]]}