{"z0": 50.0, "z1": -39.59616470336914, "uv": [[0.1356649100780487, 0.22708556056022644], [0.1356649100780487, 0.7339244484901428], [0.45703125, 0.37757202982902527], [0.45703125, 0.5969488620758057], [0.5059319734573364, 0.3736463189125061], [0.5059319734573364, 0.600232720375061], [0.5078125, 0.3420991599559784], [0.5078125, 0.6270644664764404], [0.6087358593940735, 0.37348973751068115], [0.6087358593940735, 0.6003639698028564], [0.8066298961639404, 0.3235284388065338], [0.8066298961639404, 0.643276035785675]]}