{"z0": 50.0, "z1": -48.75825500488281, "uv": [[0.02911713533103466, 0.3545619547367096], [0.02911713533103466, 0.640355110168457], [0.10514070093631744, 0.17463961243629456], [0.10514070093631744, 0.8198139667510986], [0.13951405882835388, 0.2060057371854782], [0.13951405882835388, 0.7881713509559631], [0.36405497789382935, 0.20974840223789215], [0.36405497789382935, 0.7844056487083435], [0.3915155827999115, 0.18469056487083435], [0.3915155827999115, 0.809658408164978], [0.46259185671806335, 0.33772987127304077], [0.46259185671806335, 0.6569430232048035], [0.5536683201789856, 0.3420013189315796], [0.5536683201789856, 0.6527301073074341], [0.9519410133361816, 0.35803723335266113], [0.9519410133361816, 0.6369346380233765]]}