{"z0": 50.0, "z1": -58.31138229370117, "uv": [[0.028194796293973923, 0.29896897077560425], [0.028194796293973923, 0.7228303551673889], [0.013671875, 0.38895082473754883], [0.013671875, 0.6256378889083862], [0.0530892014503479, 0.3942994475364685], [0.0530892014503479, 0.6196370124816895], [0.4479723572731018, 0.39788246154785156], [0.4479723572731018, 0.6156049966812134], [0.5961027145385742, 0.410658061504364], [0.5961027145385742, 0.6011539101600647], [0.8068674206733704, 0.3598068356513977], [0.8068674206733704, 0.657928466796875], [0.8772284984588623, 0.2566075026988983], [0.8772284984588623, 0.7658788561820984], [0.9208984375, 0.31545355916023254], [0.9208984375, 0.7055988907814026]]}